orcid,first_name,middle_name,surname,full_name,projects
,Mahdi,R,Aben Ahmed,Mahdi Aben Ahmed,Glossary - Arabic Translation
,Luz,,Acera,Luz Acera,Team Summaries
0000-0001-9364-4988,Balazs,,Aczel,Balazs Aczel,Educators' Corner; FORRT's Manifesto; FReD (FORRT Replication Database); Glossary; Reversals & Replications; Team Glossary | Phase 1
0000-0002-8808-2439,Nadia,,Adelina,Nadia Adelina,FReD (FORRT Replication Database); Reversals & Replications
0000-0002-3211-6871,Susanne,,Adler,Susanne Adler,Replication Research Journal - Editorial Team; Team Credit
,Valeria,,Agostini,Valeria Agostini,FReD (FORRT Replication Database); Glossary; Glossary - Italian Translation; Reversals & Replications
,Laurence,,Aitchison,Laurence Aitchison,Reversals & Replications
0000-0002-1755-948X,Sriraj,,Aiyer,Sriraj Aiyer,FReD (FORRT Replication Database)
0000-0002-2415-6662,Clara,,Akpan,Clara Akpan,Accessible Feedback in Academia
0000-0003-3810-5978,Ali,H,Al-Hoorie,Ali Al-Hoorie,FORRT's Manifesto; FReD (FORRT Replication Database); Glossary; Glossary - Arabic Translation; Impact on students; Landscape; Open Science in Developing Countries; Replication Paper; Reversals & Replications
,Samuel,,Alarie,Samuel Alarie,FReD (FORRT Replication Database); Reversals & Replications
0000-0003-3412-4311,Nihan,,Albayrak,Nihan Albayrak,Accessible Feedback in Academia; FORRT's Manifesto; FReD (FORRT Replication Database); Glossary; Impact on students; Replication Paper; Reversals & Replications; Summaries
0000-0003-1988-0661,Alaa,,Aldoh,Alaa Aldoh,FORRT Lesson Plans; FReD (FORRT Replication Database); Glossary; Reversals & Replications
0000-0002-6994-7222,Hala,M.,Alghamdi,Hala Alghamdi,Glossary - Arabic Translation
,Veronica,,Allen,Veronica Allen,Accessible Feedback in Academia
0000-0002-8021-0344,Veronica,,Allen,Veronica Allen,Neurodiversity Annotated Reading List; Team Outreach
0009-0001-1464-4750,Saad,,Almajed,Saad Almajed,Open Science in Developing Countries
0000-0001-5148-6889,Joseph,,Almazan,Joseph Almazan,Open Science in Developing Countries
0000-0003-1462-5346,Ahlam,Ahmed,Almehmadi,Ahlam Almehmadi,Glossary - Arabic Translation
0000-0003-3350-1760,Sarah,S,Almutairi,Sarah Almutairi,Glossary - Arabic Translation
0000-0002-2979-1630,Nazik,Noaman A.,Alnour,Nazik Alnour,Glossary - Arabic Translation
0000-0001-7476-0561,Hiba,A.,Alomary,Hiba Alomary,Glossary - Arabic Translation
0009-0004-4642-3647,Amani,A.,Aloufi,Amani Aloufi,Glossary - Arabic Translation
0000-0002-0854-1069,Ruwayshid,N,Alruwaili,Ruwayshid Alruwaili,Glossary - Arabic Translation
0000-0003-0507-9590,Awatif,K.,Alruwaili,Awatif Alruwaili,Glossary - Arabic Translation
0000-0002-2154-9460,Zainab,Abdullah,Alsuhaibani,Zainab Alsuhaibani,Glossary - Arabic Translation
0000-0001-8466-7328,Luisa,,Altegoer,Luisa Altegoer,Guide to Carrying out Replication Studies
0000-0002-6892-4643,Shilaan,,Alzahawi,Shilaan Alzahawi,FORRT's Manifesto; FReD (FORRT Replication Database); Impact on students; Replication Paper; Reversals & Replications
0000-0003-2558-7779,Asma,A.,Alzahrani,Asma Alzahrani,Glossary - Arabic Translation
0000-0002-4107-8280,Hussain,Mohammed,Alzubaidi,Hussain Alzubaidi,Glossary - Arabic Translation
0000-0001-9822-3648,Chimezie,O,Amaefule,Chimezie Amaefule,CERES Manuscript
0000-0002-7322-7412,Jamal,,Amani Rad,Jamal Amani Rad,Open Science in Developing Countries
,Olavo,B.,Amaral,Olavo Amaral,Open Science in Developing Countries
0009-0001-8331-9812,Nora,,Ammann,Nora Ammann,Reversals & Replications
0000-0002-4466-3426,Saule,,Anafinova,Saule Anafinova,Accessible Feedback in Academia
0000-0001-9511-0496,Giorgia,,Andreolli,Giorgia Andreolli,Accessible Feedback in Academia; Getting Started with FORRT; Open Educational Resources Chapter; Pedagogies; Summaries; Team Cohesion; Team Summaries
,Farid,,Anvari,Farid Anvari,FReD (FORRT Replication Database); Reversals & Replications
0000-0003-4433-5622,Beatrix,,Arendt,Beatrix Arendt,Glossary
0000-0001-5766-0489,Patricia,,Arriaga,Patricia Arriaga,FLoRA Zotero plugin; FReD (FORRT Replication Database); Glossary - Portuguese Translation; Impact on students; Reversals & Replications; Summaries
0000-0002-8614-9310,Sarah,,Ashcroft-Jones,Sarah Ashcroft-Jones,Adopting Principled Education; FReD (FORRT Replication Database); Glossary; Impact on students; OSCARS Grant Application; Open Educational Resources Chapter; Team Einstein 2025
0000-0003-4717-3438,Asma,A,Assaneea,Asma Assaneea,Glossary
,Susann,,Auer,Susann Auer,German teaching network grant
0000-0001-6566-5060,Susann,,Auer,Susann Auer,German Teaching Network Grant; Replication Research Journal - Advisory Board
,Flavio,,Azevedo,Flavio Azevedo,German teaching network grant
0000-0001-9000-8513,Flavio,A,Azevedo,Flavio Azevedo,"APS Observer; Academic Wheel of Privilege; Accessible Feedback in Academia; Adopting Principled Education; Autism & Open Science; BMC Pedagogical Communities; CERES Manuscript; Educators' Corner; Equity in Open Scholarship; FLoRA (FORRT Library of Replication Attempts); FLoRA - Notify preprint alerts; FORRT; FORRT Booklet; FORRT Germany Verein; FORRT Lesson Plans; FORRT Robustness Lighthouse; FORRT Self Assessment; FORRT's Clusters; FORRT's Curated Resources; FORRT's Manifesto; FReD (FORRT Replication Database); FReD R package; Getting Started with FORRT; Glossary; Guide to Carrying out Replication Studies; IOI Grant; Impact on students; International Initiatives to Enhance Awareness and Uptake of Open Research in Psychology; JUST-OS; Landscape; Mapping Open Science Communities; NWO POST-EDU Grant; NWO TRACKREP Grant; Neurodivergent Authors Database; Neurodiversity Annotated Reading List; OSCARS Grant Application; Open Educational Resources Chapter; Open Research Book; Open Science in Developing Countries; Parliament inquiry; Participatory Research Primer (BPS); Pedagogies; Piece for the Educator’s corner; Promoting Open Science Teaching: A Positive, Inclusive and Participatory Program for Educators (POST-Edu); Replication Paper; Replication Research Journal - Editorial Team; Reversals & Replications; Summaries; Team BMC research note; Team Citation Politics; Team Clusters; Team Cohesion; Team Credit; Team Curations; Team Database; Team Einstein 2022; Team Einstein 2023; Team Einstein 2025; Team Feedback; Team Glossary | Phase 1; Team Ideas; Team Impact on Students; Team Lesson Plans  | Phase 1; Team Lesson Plans  | Phase 2; Team Manuscript/Manifesto; Team Mapping Open Science Organizations; Team Neurodiversity; Team Open Science in Developing Countries; Team Replication Crisis Paper; Team Reversals and Replication; Team Website; Team Wheel of Privilege; Team Youth; Tracking and Mainstreaming Replications across the Social, Behavioral and Cognitive Sciences; UNESCO/UN Application"
0000-0003-2186-1558,Mitja,,Back,Mitja Back,Replication Research Journal - Advisory Board
0000-0002-1697-4198,Bradley,J.,Baker,Bradley Baker,FORRT's Manifesto; FReD (FORRT Replication Database); Glossary; Impact on students; Landscape; Replication Paper; Reversals & Replications; Summaries
0009-0008-1341-9456,Cecilia,,Baldoni,Cecilia Baldoni,FLoRA Zotero plugin
0000-0003-4126-0696,Nick,,Ballou,Nick Ballou,Glossary
0000-0003-3043-710X,Han-Wu-Shuang,,Bao,Han-Wu-Shuang Bao,Open Science in Developing Countries
0000-0002-1205-1724,Ana,,Barbosa Mendes,Ana Barbosa Mendes,Glossary
,Charlotte,Lillian,Barth,Charlotte Barth,FReD (FORRT Replication Database)
0000-0002-4191-5245,James,E,Bartlett,James Bartlett,Getting Started with FORRT; Glossary; Impact on students
0000-0003-2444-6982,Rafael,Valdece Sousa,Bastos,Rafael Bastos,Accessible Feedback in Academia
0000-0002-1017-0025,Lucija,,Batinović,Lucija Batinović,Educators' Corner
0000-0003-1347-8241,Marcelo,Camargo,Batistuzzo,Marcelo Batistuzzo,Open Science in Developing Countries
,David,J.,Bauer,David Bauer,FReD (FORRT Replication Database); Reversals & Replications
0000-0002-1006-3430,Myriam,A.,Baum,Myriam Baum,Glossary; Impact on students
0009-0008-1036-0276,Robin,,Beckenbach,Robin Beckenbach,Summaries
0009-0000-6796-9287,Raymond,,Becker,Raymond Becker,FReD (FORRT Replication Database)
0000-0002-0586-6650,Brice,,Beffara Bret,Brice Beffara Bret,Glossary
0009-0004-2083-5467,Hamidreza,,Behbood,Hamidreza Behbood,FLoRA (FORRT Library of Replication Attempts)
,Hamidreza,,Behbood,Hamidreza Behbood,FReD (FORRT Replication Database)
0000-0002-6766-734X,Luiza,Marques Prates,Behrens,Luiza Behrens,Glossary - Portuguese Translation
0000-0002-2539-7011,Julia,,Beitner,Julia Beitner,FReD (FORRT Replication Database); Reversals & Replications
0000-0001-9657-8496,Anabel,,Belaus,Anabel Belaus,FReD (FORRT Replication Database); Reversals & Replications
,Amna,,Ben Amara,Amna Ben Amara,Open Science in Developing Countries
0000-0001-9570-8973,Leonardo,,Bergmann,Leonardo Bergmann,FReD (FORRT Replication Database); Summaries
0000-0003-4328-3963,Louise,,Bezuidenhout,Louise Bezuidenhout,Replication Research Journal - Advisory Board
,Hetvi,,Bhatt,Hetvi Bhatt,FReD (FORRT Replication Database); Reversals & Replications
0000-0002-1410-4914,Piyali,,Bhattacharya,Piyali Bhattacharya,Open Science in Developing Countries
0000-0002-6289-0737,Jyoti,,Bhogal,Jyoti Bhogal,FReD (FORRT Replication Database)
0000-0001-5963-9632,Ashley,R,Blake,Ashley Blake,Glossary
0009-0004-5454-9514,Eliska,,Blazek,Eliska Blazek,FLoRA - Notify preprint alerts
0009-0007-7743-480X,Ognjen,,Bobičić,Ognjen Bobičić,FReD (FORRT Replication Database)
0000-0001-6211-8600,‪Agata,,Bochynska,‪Agata Bochynska,Impact on students
,Kathryn,,Bottitta,Kathryn Bottitta,FReD (FORRT Replication Database)
0000-0002-8890-2775,Veronica,,Boyce,Veronica Boyce,FReD (FORRT Replication Database); Guide to Carrying out Replication Studies
0000-0002-2084-461X,Peter,,Branney,Peter Branney,Accessible Feedback in Academia; Impact on students
,Ligayaa,,Breemer,Ligayaa Breemer,FReD (FORRT Replication Database); Reversals & Replications
0000-0002-0337-7159,Jasmin,,Breitwieser,Jasmin Breitwieser,CERES Manuscript
0000-0002-8976-6808,Gwen,,Brekelmans,Gwen Brekelmans,Impact on students
0000-0001-7824-7650,Björn,,Brembs,Björn Brembs,Replication Research Journal - External Member
0000-0002-9129-0415,Amélie,,Bret,Amélie Bret,Glossary
,Nate,,Breznau,Nate Breznau,Replication Paper
0000-0002-7174-8193,Cameron,,Brick,Cameron Brick,FReD (FORRT Replication Database); Reversals & Replications
0000-0003-3997-1173,Loek,,Brinkman,Loek Brinkman,FORRT's Manifesto
,Abel,,Brodeur,Abel Brodeur,Guide to Carrying out Replication Studies; Replication Research Journal - External Member
0000-0001-7763-4229,Hilmar,,Brohmer,Hilmar Brohmer,FReD (FORRT Replication Database); Reversals & Replications
0000-0002-5680-9170,Benjamin,,Brummernhenrich,Benjamin Brummernhenrich,FReD (FORRT Replication Database); Reversals & Replications
,Emily,,Budd,Emily Budd,FReD (FORRT Replication Database)
0000-0003-4837-0345,Niko,,Busch,Niko Busch,Replication Research Journal - External Member
,Dora,,Butkovic,Dora Butkovic,Educators' Corner; FORRT's Clusters; Piece for the Educator’s corner
,Anya,,Butler,Anya Butler,FReD (FORRT Replication Database); Reversals & Replications
0000-0003-4332-8789,Katherine,S.,Button,Katherine Button,FORRT's Manifesto; Impact on students
0000-0002-1893-3920,Chinchu,,C.,Chinchu C.,Open Science in Developing Countries
0000-0002-6456-5735,Rickard,,Carlsson,Rickard Carlsson,Replication Research Journal - External Member
0000-0003-4190-7912,Aidan,G,Cashin,Aidan Cashin,Glossary
0009-0000-8170-1455,Antony,,Casula,Antony Casula,FReD (FORRT Replication Database)
0000-0002-1490-4903,Eduarda,,Centeno,Eduarda Centeno,Accessible Feedback in Academia
0000-0002-8843-625X,Brendan,,Ch'ng,Brendan Ch'ng,Accessible Feedback in Academia
0000-0003-1601-2439,Jamie,,Chan,Jamie Chan,Academic Wheel of Privilege
,Stephanie,L.,Chan,Stephanie Chan,Summaries
,Jamie,,Chan,Jamie Chan,Educators' Corner
,Subramanya Prasad,,Chandrashekar,Subramanya Prasad Chandrashekar,FReD (FORRT Replication Database); Reversals & Replications
,Stephanie,L.,Chang,Stephanie Chang,Summaries
,Xiaoli,,Chen,Xiaoli Chen,Accessible Feedback in Academia
,Sau-Chin,,Chen,Sau-Chin Chen,FReD (FORRT Replication Database); Reversals & Replications
0000-0001-9317-3047,Liangjie,,Chen,Liangjie Chen,Glossary - Chinese Translation
0000-0002-7503-5131,Hu,,Chuan-Peng,Hu Chuan-Peng,Academic Wheel of Privilege; Open Science in Developing Countries; Team Open Science in Developing Countries
0000-0003-0012-8752,Kai Li,,Chung,Kai Li Chung,FReD (FORRT Replication Database); Reversals & Replications
0000-0002-2270-2455,Kait,,Clark,Kait Clark,FORRT's Manifesto; Impact on students
0000-0002-0637-8851,Jamie,P.,Cockcroft,Jamie Cockcroft,FReD (FORRT Replication Database); Glossary; Reversals & Replications
0000-0002-0591-4018,Tao,,Coll-Martín,Tao Coll-Martín,Glossary - Spanish Translation; Neurodiversity Annotated Reading List; Summaries; Team Summaries
0000-0002-2707-4646,Elizabeth,,Collins,Elizabeth Collins,Glossary
0000-0002-7971-1678,Katie,,Corker,Katie Corker,FORRT's Curated Resources
0000-0002-1934-0043,Nadia,Saraí,Corral-Frías,Nadia Corral-Frías,Open Science in Developing Countries
0009-0008-8737-6137,Harry,D.,Coulson,Harry Coulson,FLoRA Zotero plugin; FReD (FORRT Replication Database)
0000-0001-9484-632X,Daniel,J.,Cox,Daniel Cox,Impact on students
0000-0002-2467-307X,Ann-Marie,,Creaven,Ann-Marie Creaven,Impact on students
0009-0008-2943-233X,Paul,,Crowe,Paul Crowe,FReD (FORRT Replication Database)
,Paul,,Crowe,Paul Crowe,Reversals & Replications
,Jamie,,Cummins,Jamie Cummins,FReD (FORRT Replication Database)
,Adira,,Daniel,Adira Daniel,Adopting Principled Education; FReD (FORRT Replication Database); Team Summaries
,Nishka,,Dasgupta,Nishka Dasgupta,FLoRA - Notify preprint alerts
0000-0002-1954-2219,Vaidis,C.,David,Vaidis David,Accessible Feedback in Academia; FLoRA Zotero plugin; Replication Research Journal - External Member
0000-0001-8921-4547,Ymke,,de Bruijn,Ymke de Bruijn,Academic Wheel of Privilege
,Oliver,,Deane,Oliver Deane,Reversals & Replications
0000-0002-9641-4157,Oliver,,Deane,Oliver Deane,FReD (FORRT Replication Database)
0000-0002-0455-0953,Mary,,DePascale,Mary DePascale,Landscape
0000-0003-1351-1849,Teshome Kebede,,Deressa,Teshome Kebede Deressa,FReD (FORRT Replication Database)
0000-0003-1572-4709,Maarten,,Derksen,Maarten Derksen,Academic Wheel of Privilege
0000-0002-6875-8083,Tobias,,Dienlin,Tobias Dienlin,Replication Research Journal - Advisory Board; Replication Research Journal - External Member
,Tobias,,Dienlin,Tobias Dienlin,FReD (FORRT Replication Database)
0000-0002-5492-2188,Bojana,M.,Dinić,Bojana Dinić,Accessible Feedback in Academia; Glossary - Serbian Translation
,Riddhi,,Divanhi,Riddhi Divanhi,CERES Manuscript
,Veronica,,Diveica,Veronica Diveica,Team Summaries
0000-0002-5696-8200,Veronica,,Diveica,Veronica Diveica,Accessible Feedback in Academia; FReD (FORRT Replication Database); Reversals & Replications; Summaries
,Christopher,,Doetsch,Christopher Doetsch,FReD (FORRT Replication Database)
0000-0003-1564-8865,Marie,,Dokovova,Marie Dokovova,Participatory Research Primer (BPS)
0000-0002-4350-6082,Marie,,Dokovova,Marie Dokovova,Glossary - Bulgarian Translation
0000-0003-3284-4120,Andis,,Draguns,Andis Draguns,FReD (FORRT Replication Database); Reversals & Replications
0000-0002-1960-6788,Daniela,,Duca,Daniela Duca,Educators' Corner
0009-0000-0759-7354,Leonie,,Dudda,Leonie Dudda,Team Glossary | Phase 2 | Translation
0000-0002-5761-8536,Tsvetomira,,Dumbalska,Tsvetomira Dumbalska,FReD (FORRT Replication Database); Glossary
0000-0002-1281-9895,Richard,Mudahera,Dushime,Richard Dushime,Accessible Feedback in Academia; FLoRA - Notify preprint alerts; Open Educational Resources Chapter; Team Website
0000-0003-0472-915X,Filip,,Děchtěrenko,Filip Děchtěrenko,Accessible Feedback in Academia; Glossary; Impact on students
0000-0001-5881-1680,Christopher,,Eaker,Christopher Eaker,Educators' Corner
0000-0002-2365-0247,Emir,,Efendic,Emir Efendic,FReD (FORRT Replication Database); Reversals & Replications
0000-0002-2945-3279,Ciara,,Egan,Ciara Egan,Landscape
,Ciara,,Egan,Ciara Egan,Summaries
0000-0003-4975-3372,Sonja,,Eisenbeiss,Sonja Eisenbeiss,German teaching network grant
,Malak,,El Halabi,Malak El Halabi,FReD (FORRT Replication Database); Reversals & Replications
0000-0002-3516-334X,Lamis,Yahia Mohamed,Elkheir,Lamis Elkheir,Accessible Feedback in Academia
,Mahmoud,,Elsherif,Mahmoud Elsherif,FORRT Self Assessment
0000-0002-0540-3998,Mahmoud,M,Elsherif,Mahmoud Elsherif,APS Observer; Academic Wheel of Privilege; Adopting Principled Education; Autism & Open Science; BMC Pedagogical Communities; Educators' Corner; FORRT Lesson Plans; FORRT's Clusters; FORRT's Curated Resources; FORRT's Manifesto; FReD (FORRT Replication Database); Glossary; Impact on students; Landscape; Neurodivergent Authors Database; Neurodiversity Annotated Reading List; Open Science in Developing Countries; Participatory Research Primer (BPS); Replication Paper; Reversals & Replications; Summaries; Team Credit; Team Database; Team Einstein 2022; Team Glossary | Phase 1; Team Glossary | Phase 2 | Expansion; Team Neurodiversity; Team Summaries
0000-0001-7806-9583,Malte,,Elson,Malte Elson,FORRT Germany Verein
0000-0001-5309-0132,Fabienne,,Ennigkeit,Fabienne Ennigkeit,Accessible Feedback in Academia
,Sam,,Enright,Sam Enright,FReD (FORRT Replication Database); Reversals & Replications
0000-0002-6670-0718,Thomas,Rhys,Evans,Thomas Evans,"Accessible Feedback in Academia; Adopting Principled Education; BMC Pedagogical Communities; Educators' Corner; FORRT's Clusters; FORRT's Manifesto; FReD (FORRT Replication Database); Glossary; Impact on students; International Initiatives to Enhance Awareness and Uptake of Open Research in Psychology; Mapping Open Science Communities; NWO POST-EDU Grant; Promoting Open Science Teaching: A Positive, Inclusive and Participatory Program for Educators (POST-Edu); Replication Paper; Replication Research Journal - Editorial Team; Reversals & Replications; Summaries; Team Feedback; Team Mapping Open Science Organizations; Team Replication Crisis Paper"
0000-0002-0741-9045,Anna,,Exner,Anna Exner,FReD (FORRT Replication Database); Reversals & Replications
0000-0003-3452-0306,Ebuka,C.,Ezeike,Ebuka Ezeike,Team Outreach
0009-0003-0557-4089,Cathy,,Fang,Cathy Fang,Glossary - Chinese Translation
0000-0001-8912-6133,Ben,G.,Farrar,Ben Farrar,FReD (FORRT Replication Database); Glossary; Reversals & Replications
0000-0002-0520-6425,Luisa,,Fassi,Luisa Fassi,CERES Manuscript; FORRT's Manifesto
,Daniel,,Fatori,Daniel Fatori,Open Science in Developing Countries
0000-0003-2812-6599,Gilad,,Feldman,Gilad Feldman,FORRT's Manifesto; FReD (FORRT Replication Database); Glossary; Guide to Carrying out Replication Studies; Replication Research Journal - External Member; Reversals & Replications
0000-0002-2976-3330,Cátia,M.,Ferreira de Oliveira,Cátia Ferreira de Oliveira,FORRT's Manifesto; Glossary; Impact on students; Replication Paper
0000-0001-7874-1261,Sarahanne,M.,Field,Sarahanne Field,Guide to Carrying out Replication Studies
0000-0001-6703-3200,Isabela,,Figueira,Isabela Figueira,CERES Manuscript
0000-0001-8324-2715,Adrien,A,Fillon,Adrien Fillon,FReD (FORRT Replication Database); Glossary; Reversals & Replications
0000-0001-8123-5589,Zoe,M,Flack,Zoe Flack,Glossary; Impact on students
0000-0002-6712-779X,Pablo,Ezequiel,Flores-Kanter,Pablo Flores-Kanter,Accessible Feedback in Academia; FLoRA Zotero plugin; Glossary - Spanish Translation
,Jake,,Floyd,Jake Floyd,FReD (FORRT Replication Database); Reversals & Replications
0000-0002-6135-1379,Frankie,T. K.,Fong,Frankie Fong,Open Science in Developing Countries
,Felipe,,Fontana Vieira,Felipe Fontana Vieira,FReD (FORRT Replication Database); Reversals & Replications; Team Summaries
0000-0003-3062-4036,Jesica,,Formoso,Jesica Formoso,Academic Wheel of Privilege
0000-0002-7562-5342,FORRT,,FORRT,FORRT FORRT,BMC Pedagogical Communities; Impact on students
0000-0002-7763-3565,Patrick,S.,Forscher,Patrick Forscher,Educators' Corner; FORRT's Manifesto
0000-0002-1784-2920,Anne,,Fouilloux,Anne Fouilloux,FLoRA Zotero plugin
0000-0002-5873-503X,Kerry,,Fox,Kerry Fox,Glossary
,Shannon,,Francis,Shannon Francis,Glossary; Summaries
0000-0002-7551-4378,Michael,C,Frank,Michael Frank,Replication Research Journal - Advisory Board
0000-0001-9670-8510,Michael,,Franke,Michael Franke,Educators' Corner; Piece for the Educator’s corner
0000-0001-8127-0034,Clarissa,F. D.,França Dias Carneiro,Clarissa França Dias Carneiro,Glossary - Portuguese Translation; Open Science in Developing Countries
0000-0002-5871-997X,Joris,,Frese,Joris Frese,FReD (FORRT Replication Database); Glossary - German Translation; Landscape; Reversals & Replications
0009-0001-0917-5398,Emily,,Friedel,Emily Friedel,Adopting Principled Education; FORRT; Neurodiversity Annotated Reading List; OSCARS Grant Application; Open Educational Resources Chapter; Summaries; Team Credit; Team Einstein 2025; Team Summaries
,Stephanie,,Fuller,Stephanie Fuller,Neurodiversity Annotated Reading List
,Nico,,Förster,Nico Förster,FReD (FORRT Replication Database)
,Elis,,Gabriela,Elis Gabriela,Accessible Feedback in Academia
0000-0002-4088-8476,Carl,Michael,Galang,Carl Galang,FORRT Self Assessment; FORRT's Manifesto
,Mike,,Galang,Mike Galang,FORRT's Clusters
0000-0001-5907-220X,Brett,J.,Gall,Brett Gall,Glossary
0000-0002-3482-6703,Thomas,,Gallagher-Mitchell,Thomas Gallagher-Mitchell,FORRT's Manifesto; Impact on students
,Kevin,,Gannon,Kevin Gannon,Academic Wheel of Privilege
0000-0002-5591-8551,Sebastian,,Garcia,Sebastian Garcia,Accessible Feedback in Academia; FReD (FORRT Replication Database); Open Science in Developing Countries; Reversals & Replications; Summaries; Team Summaries
0000-0001-5258-232X,Eduardo,,Garcia-Garzon,Eduardo Garcia-Garzon,Glossary
0000-0003-0024-9861,Elias,,Garcia-Pelegrin,Elias Garcia-Pelegrin,Glossary
0000-0002-1533-7760,Angel,A.,García O' Diana,Angel García O' Diana,Accessible Feedback in Academia
0000-0002-9662-6547,Juan,Diego,García-Castro,Juan García-Castro,Open Science in Developing Countries
0000-0003-4155-001X,Max,Charles David,Gattie,Max Gattie,FReD (FORRT Replication Database); Reversals & Replications
,Helena,,Gellersen,Helena Gellersen,FORRT's Clusters
0000-0001-7544-2311,Helena,,Gellersen,Helena Gellersen,Team Citation Politics
0009-0001-9449-7569,Corinna,,Gemmecke,Corinna Gemmecke,FReD (FORRT Replication Database)
0000-0001-6322-4392,Oliver,,Genschow,Oliver Genschow,FReD (FORRT Replication Database)
0000-0002-8488-0273,Sakshi,,Ghai,Sakshi Ghai,CERES Manuscript; Open Science in Developing Countries
0000-0001-5627-7007,Nikita,,Ghodke,Nikita Ghodke,Open Science in Developing Countries
0000-0003-2176-8986,Vaitsa,,Giannouli,Vaitsa Giannouli,Accessible Feedback in Academia; FORRT's Clusters; FReD (FORRT Replication Database); Neurodiversity Annotated Reading List; Reversals & Replications; Summaries
0000-0002-5406-2149,Katie,A,Gilligan-Lee,Katie Gilligan-Lee,Impact on students
0000-0003-1200-6672,Biljana,,Gjoneska,Biljana Gjoneska,Accessible Feedback in Academia; Autism & Open Science; FORRT's Manifesto; FReD (FORRT Replication Database); Impact on students; Landscape; Neurodiversity Annotated Reading List; Open Science in Developing Countries; Replication Paper; Reversals & Replications; Summaries
0000-0003-1070-6245,Theofilos,,Gkinopoulos,Theofilos Gkinopoulos,Impact on students
0000-0003-0853-5272,Theofilos,,Gkinopoulos,Theofilos Gkinopoulos,FORRT's Manifesto
,Timo,,Gnambs,Timo Gnambs,FReD (FORRT Replication Database)
0000-0003-4310-4793,Mario,,Gollwitzer,Mario Gollwitzer,Replication Research Journal - Advisory Board
0000-0003-3087-1002,Janik,,Goltermann,Janik Goltermann,Guide to Carrying out Replication Studies; Replication Research Journal - Editorial Team
,Susana,,Gonzalez,Susana Gonzalez,Team Website
,Susana,,González-Sahagún,Susana González-Sahagún,Team Website
0000-0002-3060-1320,Amélie,,Gourdon-Kanhukamwe,Amélie Gourdon-Kanhukamwe,APS Observer; Accessible Feedback in Academia; Educators' Corner; FReD (FORRT Replication Database); Impact on students; Neurodivergent Authors Database; Participatory Research Primer (BPS); Reversals & Replications; Team Neurodiversity
0000-0001-7906-3925,Gisela,H,Govaart,Gisela Govaart,Glossary
0000-0002-1144-7970,Christopher,J.,Graham,Christopher Graham,Accessible Feedback in Academia; FORRT's Manifesto; FReD (FORRT Replication Database); Glossary; Landscape; Neurodiversity Annotated Reading List; Reversals & Replications; Summaries
,Bastian,,Greshake Tzovaras,Bastian Greshake Tzovaras,FReD (FORRT Replication Database)
0000-0001-6666-9426,Sandra,,Grinschgl,Sandra Grinschgl,Impact on students; Landscape; Replication Paper
0000-0002-0675-5215,Magdalena,,Grose-Hodge,Magdalena Grose-Hodge,Educators' Corner; FORRT Lesson Plans; Team Neurodiversity
,Magdalena,,Grose-Hodge,Magdalena Grose-Hodge,Glossary
0000-0001-6990-839X,Samuel,,Guay,Samuel Guay,FORRT's Manifesto; FReD (FORRT Replication Database); Glossary; Impact on students; Reversals & Replications; Team Website
0009-0006-3602-1593,Akanksha,,Gupta,Akanksha Gupta,FLoRA - Notify preprint alerts
0000-0002-8395-4357,Ulrike,,Gut,Ulrike Gut,Replication Research Journal - Editorial Team
0000-0003-4996-3214,Ahmed,Hadi,Hakami,Ahmed Hakami,Glossary - Arabic Translation
0000-0003-2816-7251,Adelina-Mihaela,,Halchin,Adelina-Mihaela Halchin,Summaries
,Pengfeng,,Hao,Pengfeng Hao,Glossary - Chinese Translation
0000-0003-1672-9616,Alexander,,Hart,Alexander Hart,Glossary; Landscape
0000-0002-1331-6683,Helena,,Hartmann,Helena Hartmann,"Academic Wheel of Privilege; FORRT Germany Verein; FORRT's Clusters; FORRT's Manifesto; FReD (FORRT Replication Database); FReD R package; Getting Started with FORRT; Glossary; Glossary - German Translation; Guide to Carrying out Replication Studies; IOI Grant; Impact on students; Landscape; NWO POST-EDU Grant; NWO TRACKREP Grant; Neurodiversity Annotated Reading List; Participatory Research Primer (BPS); Promoting Open Science Teaching: A Positive, Inclusive and Participatory Program for Educators (POST-Edu); Replication Paper; Replication Research Journal - External Member; Reversals & Replications; Team Einstein 2022; Team Einstein 2023; Team Ideas; Team Outreach; Team Replication Hub; Team Reversals and Replication; Team Youth"
0009-0001-7198-0515,Sarah,Mohamed Saraheldeen,Hassan,Sarah Hassan,Accessible Feedback in Academia
0000-0003-3271-7121,Jason,,Hausenloy,Jason Hausenloy,FReD (FORRT Replication Database); Reversals & Replications
,Clove,,Haviva,Clove Haviva,FReD (FORRT Replication Database); Reversals & Replications
0000-0003-0966-8739,Gillian,,Hayes,Gillian Hayes,CERES Manuscript
0000-0003-0889-8524,Vera,,Heininga,Vera Heininga,FORRT's Curated Resources; JUST-OS
0000-0002-7649-1358,Mai,Salah El din,Helmy,Mai Helmy,Glossary - Arabic Translation
0000-0002-5396-2321,Emma,L,Henderson,Emma Henderson,FReD (FORRT Replication Database); Glossary
0000-0002-2940-600X,Alina,,Herderich,Alina Herderich,FReD (FORRT Replication Database); Reversals & Replications
0009-0000-4079-9927,Jane,,Hergert,Jane Hergert,Summaries
0000-0003-4002-128X,Saida,,Heshmati,Saida Heshmati,Open Science in Developing Countries
0000-0002-7531-4333,Rachel,,Heyard,Rachel Heyard,Educators' Corner
,Leon,,Hilbert,Leon Hilbert,FReD (FORRT Replication Database)
0009-0009-9744-0320,Robin,R.,Hoekstra,Robin Hoekstra,FORRT's Curated Resources; JUST-OS
0000-0002-1588-7527,Rink,,Hoekstra,Rink Hoekstra,FORRT's Curated Resources; JUST-OS; Team JUST-OS
0000-0003-4407-1487,Gabriela,,Hofer,Gabriela Hofer,Landscape
0000-0003-2869-0085,Alex,,Holcombe,Alex Holcombe,Replication Research Journal - Advisory Board
0000-0003-3211-8006,Darías,,Holgado,Darías Holgado,FReD (FORRT Replication Database)
0009-0006-6006-8498,Anna,,Hollis,Anna Hollis,Neurodiversity Annotated Reading List
,Ruth,,Horry,Ruth Horry,FORRT Lesson Plans
0000-0003-4553-0542,Samiul,,Hossain,Samiul Hossain,Glossary - Bengali Translation; Open Science in Developing Countries
,Dilyana,,Hristova,Dilyana Hristova,Glossary - Bulgarian Translation
0000-0002-6607-1704,Sa-Kiera,,Hudson,Sa-Kiera Hudson,Educators' Corner
0000-0002-8469-7751,Abdulsamad,Yahya,Humaidan,Abdulsamad Humaidan,Glossary - Arabic Translation
0000-0001-8906-7559,Ian,,Hussey,Ian Hussey,FReD (FORRT Replication Database)
0000-0003-3939-3852,Yseult,,Héjja-Brichard,Yseult Héjja-Brichard,Accessible Feedback in Academia; Neurodiversity Annotated Reading List
0009-0004-2068-3264,Lotta,,Höfer,Lotta Höfer,FReD (FORRT Replication Database)
0000-0002-0490-7035,Joachim,,Hüffmeier,Joachim Hüffmeier,Guide to Carrying out Replication Studies
,Malika,,Ihle,Malika Ihle,FORRT's Clusters
,Bethan,,IIey,Bethan IIey,Autism & Open Science
0000-0002-1959-5812,Godfrey,,Ikahu,Godfrey Ikahu,Accessible Feedback in Academia
,Zlatomira,,Ilchovska,Zlatomira Ilchovska,Summaries
0000-0001-6682-9952,Zlatomira,G.,Ilchovska,Zlatomira Ilchovska,FReD (FORRT Replication Database); Glossary - Bulgarian Translation; Impact on students; Open Science in Developing Countries; Reversals & Replications
0000-0003-3644-0553,Paul,,Ilegbusi,Paul Ilegbusi,Accessible Feedback in Academia
0000-0002-5813-3303,Bethan,J,Iley,Bethan Iley,APS Observer; Academic Wheel of Privilege; Educators' Corner; FORRT; FORRT's Clusters; Glossary; IOI Grant; Impact on students; Landscape; Participatory Research Primer (BPS); Team Neurodiversity; Team Outreach; Team Website
0000-0003-3604-4155,Hirotaka,,Imada,Hirotaka Imada,FReD (FORRT Replication Database); Reversals & Replications
0009-0004-1390-0021,Pius,,Imwene,Pius Imwene,FReD (FORRT Replication Database)
,Madeleine,,Ingham,Madeleine Ingham,Glossary
0000-0002-6922-3590,Peder,Mortvedt,Isager,Peder Isager,Guide to Carrying out Replication Studies
0000-0002-9870-3825,Kamil,,Izydorczak,Kamil Izydorczak,FReD (FORRT Replication Database); Glossary; Impact on students; Reversals & Replications
,Michelle,,Jamieson,Michelle Jamieson,Impact on students
0000-0003-3599-1580,Matt,,Jaquiery,Matt Jaquiery,Glossary
,Sarah,,Jaubert,Sarah Jaubert,FReD (FORRT Replication Database); Reversals & Replications
0000-0002-9285-2061,Alma,,Jeftić,Alma Jeftić,FReD (FORRT Replication Database); Landscape; Open Science in Developing Countries; Reversals & Replications
,Mark,,Jekel,Mark Jekel,Guide to Carrying out Replication Studies
0000-0003-4023-6854,Xuejun,Ryan,Ji,Xuejun Ji,Glossary - Chinese Translation
0000-0003-2209-4311,Shuxian,,Jin,Shuxian Jin,Glossary - Chinese Translation
,Junlin,,Jing,Junlin Jing,Glossary - Chinese Translation
,Leonard,,Kaiser,Leonard Kaiser,FReD (FORRT Replication Database)
0000-0003-1061-1131,Tamara,,Kalandadze,Tamara Kalandadze,FORRT's Manifesto; FReD (FORRT Replication Database); Getting Started with FORRT; Glossary; Impact on students; Neurodiversity Annotated Reading List; Participatory Research Primer (BPS); Replication Paper; Reversals & Replications; Summaries; Team Summaries
,Tamara,,Kalandadze,Tamara Kalandadze,Autism & Open Science
0000-0002-4606-4179,Zhenya,,Kalenkovich,Zhenya Kalenkovich,Accessible Feedback in Academia
0000-0003-2871-9693,Andre,,Kalmendal,Andre Kalmendal,Educators' Corner
,Kevin,,Kamermans,Kevin Kamermans,FReD (FORRT Replication Database); Reversals & Replications
0000-0002-3746-2327,Betul,,Kan-Kilinc,Betul Kan-Kilinc,FLoRA - Notify preprint alerts
,Iva,,Kapović,Iva Kapović,Summaries
0000-0002-4440-1688,Steven,K.,Kapp,Steven Kapp,APS Observer; Autism & Open Science; Participatory Research Primer (BPS)
,Pauline,,Karega,Pauline Karega,Team Website
,Veli-Matti,,Karhulahti,Veli-Matti Karhulahti,FReD (FORRT Replication Database); Reversals & Replications
,Leon,,Kasseckert,Leon Kasseckert,FReD (FORRT Replication Database)
0000-0001-6248-7385,Alexandros,,Kastrinogiannis,Alexandros Kastrinogiannis,FReD (FORRT Replication Database); Reversals & Replications
0000-0001-5906-1789,Connor,T.,Keating,Connor Keating,FORRT's Manifesto; Glossary; Team Outreach
,Connor,,Keating,Connor Keating,Summaries
0000-0001-9247-9781,Zoltan,,Kekecs,Zoltan Kekecs,Glossary
0000-0003-1591-7236,Bettina,M. J.,Kern,Bettina Kern,Glossary; Glossary - German Translation
0009-0006-8224-3154,Susanne,,Kerschbaumer,Susanne Kerschbaumer,Summaries
0000-0003-2946-6456,Zahra,,Khorami,Zahra Khorami,Open Science in Developing Countries
0000-0001-5787-9034,Dominik,A,Kiersz,Dominik Kiersz,Glossary; IOI Grant; Team Website
0000-0002-4345-3814,Andrea,,Kis,Andrea Kis,Accessible Feedback in Academia; Neurodiversity Annotated Reading List; Team Neurodiversity
,Noah,,Klett,Noah Klett,FReD (FORRT Replication Database)
0000-0003-2217-9331,Melissa,,Kline Struhl,Melissa Kline Struhl,Equity in Open Scholarship
0000-0002-5393-7871,Maren,,Klingelhöfer-Jens,Maren Klingelhöfer-Jens,FReD (FORRT Replication Database); Reversals & Replications
,Cosmas,,Knowen,Cosmas Knowen,Team Website
0000-0002-7299-162X,Halil,Emre,Kocalar,Halil Kocalar,Accessible Feedback in Academia; FORRT's Manifesto; FReD (FORRT Replication Database); Glossary; Reversals & Replications
0000-0001-6651-0976,Markus,,Konkol,Markus Konkol,Impact on students
,Markus,,Konkol,Markus Konkol,Summaries
0000-0003-2075-7732,Alicja,,Koperska,Alicja Koperska,Neurodiversity Annotated Reading List
0000-0002-6302-0047,Lina,,Koppel,Lina Koppel,FReD (FORRT Replication Database); Reversals & Replications
0000-0002-3164-3389,Alina,,Koppold,Alina Koppold,FReD (FORRT Replication Database); Landscape; Reversals & Replications
0000-0002-8113-2560,Max,,Korbmacher,Max Korbmacher,Accessible Feedback in Academia; FReD (FORRT Replication Database); International Initiatives to Enhance Awareness and Uptake of Open Research in Psychology; Mapping Open Science Communities; Neurodiversity Annotated Reading List; Open Educational Resources Chapter; Replication Paper; Reversals & Replications; Team Glossary | Phase 2 | Expansion; Team Mapping Open Science Organizations; Team Replication Crisis Paper
,Max,,Korbmacher,Max Korbmacher,Replication Research Journal - Editorial Team
0000-0002-8142-8492,Marton,,Kovacs,Marton Kovacs,Glossary
0000-0001-9050-1471,Marta,,Kowal,Marta Kowal,Accessible Feedback in Academia
0000-0003-4981-0437,Marta,,Kołczyńska,Marta Kołczyńska,FReD (FORRT Replication Database)
,Josefine,,Krapp,Josefine Krapp,FReD (FORRT Replication Database)
,Antonia,,Krasteva,Antonia Krasteva,Team Outreach
0009-0006-8034-0401,Antonia,,Krasteva,Antonia Krasteva,Adopting Principled Education; FORRT's Curated Resources; Glossary - Bulgarian Translation; Open Educational Resources Chapter; Team Credit; Team Curations
0000-0003-1578-3098,Kai,,Krautter,Kai Krautter,FORRT's Manifesto; Glossary; Impact on students
,Zeno,,Kujawa,Zeno Kujawa,FReD (FORRT Replication Database)
0000-0002-9114-9323,Pooja,,Kulkarni,Pooja Kulkarni,Open Science in Developing Countries
,Luisa,,Kulke,Luisa Kulke,FReD (FORRT Replication Database)
0009-0009-7656-7453,Prince,,Kumar,Prince Kumar,FReD (FORRT Replication Database)
,Niclas,,Kuper,Niclas Kuper,FReD (FORRT Replication Database)
0000-0001-7620-4462,Sebastian,,Kurten,Sebastian Kurten,CERES Manuscript; FReD (FORRT Replication Database); Replication Research Journal - Editorial Team
,Laura,M,König,Laura König,German teaching network grant
0000-0003-3655-8842,Laura,Maria,König,Laura König,Academic Wheel of Privilege; Impact on students; Replication Paper
0009-0008-5585-0324,Radoslaw,P.,Lach,Radoslaw Lach,FReD (FORRT Replication Database)
0000-0002-3993-6127,Malgorzata,,Lagisz,Malgorzata Lagisz,Landscape
0000-0001-6725-3270,Annalise,A,LaPlume,Annalise LaPlume,FReD (FORRT Replication Database); Glossary; Reversals & Replications
0000-0002-4252-4668,Larrie,Rabelo,Laporte,Larrie Laporte,Glossary - Portuguese Translation
0000-0003-1101-3942,Catherine,M,Laverty,Catherine Laverty,FORRT's Manifesto; Glossary; Team Outreach
0000-0003-1629-3699,Ljiljana,B.,Lazarevic,Ljiljana Lazarevic,Glossary - Serbian Translation; Open Science in Developing Countries
0000-0002-0433-0483,Aleksandra,,Lazić,Aleksandra Lazić,Glossary; Landscape; Open Science in Developing Countries
0000-0002-5839-8010,Elen,,Le Foll,Elen Le Foll,FLoRA - Notify preprint alerts; German teaching network grant; Replication Research Journal - Editorial Team
0000-0003-0080-1062,Oscar,,Lecuona,Oscar Lecuona,FReD (FORRT Replication Database); Glossary; Replication Paper; Reversals & Replications
0009-0002-5600-0336,Jaeho,,Lee,Jaeho Lee,FReD (FORRT Replication Database); Reversals & Replications
0000-0002-9298-1488,Gavin,,Leech,Gavin Leech,FReD (FORRT Replication Database); Reversals & Replications
0000-0001-6030-4207,Jeffrey,,Lees,Jeffrey Lees,FORRT's Manifesto
,Ekaterina,,Leksina,Ekaterina Leksina,FReD (FORRT Replication Database)
,Wanyin,,Li,Wanyin Li,Glossary
0000-0001-8069-0416,Michele,C,Lim,Michele Lim,FORRT's Manifesto; Glossary
,Chun-Yu,,Lin,Chun-Yu Lin,FReD (FORRT Replication Database); Reversals & Replications
0000-0001-8323-2699,Meng,,Liu,Meng Liu,BMC Pedagogical Communities; FORRT Lesson Plans; FORRT's Manifesto; FReD (FORRT Replication Database); Glossary; Impact on students; Landscape; Open Science in Developing Countries; Replication Paper; Reversals & Replications; Team Landscape; Team Outreach
0000-0002-1253-9711,Ruoting,,Liu,Ruoting Liu,Glossary - Chinese Translation
,Yi,,Liu,Yi Liu,FReD (FORRT Replication Database)
0000-0002-0420-2342,Kelly,E,Lloyd,Kelly Lloyd,FORRT; Getting Started with FORRT; Open Educational Resources Chapter; Team Cohesion; Team Curations; Team Einstein 2025; Team Ideas; Team Outreach
,Kelly,,Lloyd,Kelly Lloyd,Summaries
,Feline,,Lohkamp,Feline Lohkamp,FReD (FORRT Replication Database)
0000-0003-1501-4846,Tina,B,Lonsdorf,Tina Lonsdorf,FORRT's Manifesto; Glossary
0000-0003-1363-833X,Nigel Mantou,,Lou,Nigel Mantou Lou,FReD (FORRT Replication Database); Landscape; Reversals & Replications
0009-0007-6938-6190,Willem,Jacob,Louter,Willem Louter,International Coordination Action Research Foundation - Flanders grant
0000-0002-2603-7341,Timo,,Lueke,Timo Lueke,Impact on students
0000-0001-7338-0567,Dermot,,Lynott,Dermot Lynott,Educators' Corner; FReD (FORRT Replication Database); Reversals & Replications
,Sean,,Mackinnon,Sean Mackinnon,FReD (FORRT Replication Database)
0000-0003-3228-6501,Christopher,R.,Madan,Christopher Madan,Impact on students
0000-0003-1075-6699,Aoife,,Mahony,Aoife Mahony,Accessible Feedback in Academia
,Maximilian,,Maier,Maximilian Maier,FReD (FORRT Replication Database); Reversals & Replications
0009-0003-3658-9873,Sharan,,Maiya,Sharan Maiya,FReD (FORRT Replication Database)
0000-0002-3837-0088,Matthew,C,Makel,Matthew Makel,FORRT Lesson Plans; FReD (FORRT Replication Database); Impact on students; Reversals & Replications
,Marie Adrienne,Robles,Manalili,Marie Adrienne Manalili,Neurodiversity Annotated Reading List
,Marta,,Mangiarulo,Marta Mangiarulo,Glossary - Italian Translation
0000-0002-1912-1764,Daniel,,Manrique-Castano,Daniel Manrique-Castano,FReD (FORRT Replication Database); Summaries
0000-0002-6394-7854,Diego,,Manríquez-Robles,Diego Manríquez-Robles,FReD (FORRT Replication Database)
0000-0001-6243-104X,Ruslana,,Margova,Ruslana Margova,Accessible Feedback in Academia
0000-0002-8456-4545,Ana Carolina,,Marinho,Ana Carolina Marinho,Team Credit
0000-0001-6539-5494,Tamara,,Marques,Tamara Marques,FORRT's Manifesto; Pedagogies
,Tamara,,Marques,Tamara Marques,Summaries
,Naif,Ali,Masrahi,Naif Masrahi,Glossary - Arabic Translation
,Lisa,,Mathes,Lisa Mathes,FReD (FORRT Replication Database)
,Adrien,,Mathy,Adrien Mathy,FORRT's Clusters
0000-0002-8459-359X,Adrien,,Mathy,Adrien Mathy,Accessible Feedback in Academia; Neurodiversity Annotated Reading List
0000-0003-1695-2498,Michael,S,Matthews,Michael Matthews,Landscape
0000-0002-9582-842X,Jennifer,,Mattschey,Jennifer Mattschey,Glossary - German Translation; Impact on students
0000-0003-2777-6581,Karen,,Matvienko-Sikar,Karen Matvienko-Sikar,"Educators' Corner; FORRT's Manifesto; Impact on students; NWO POST-EDU Grant; Promoting Open Science Teaching: A Positive, Inclusive and Participatory Program for Educators (POST-Edu)"
0000-0002-4926-3026,Brinna,E.,Mawhinney,Brinna Mawhinney,FReD (FORRT Replication Database)
0000-0002-4523-2097,Phil,,McAleer,Phil McAleer,FORRT's Manifesto
0000-0003-4737-2349,Sarah,K,McCann,Sarah McCann,Replication Research Journal - Advisory Board
0000-0002-3074-7944,Joanne,,McCuaig,Joanne McCuaig,Getting Started with FORRT; Glossary
,Joanne,,McCuaig,Joanne McCuaig,Summaries
0000-0003-1704-1135,Ronan,,McGarrigle,Ronan McGarrigle,FORRT Lesson Plans
0000-0001-6049-6851,Quinnehtukqut,,McLamore,Quinnehtukqut McLamore,Autism & Open Science
0000-0002-7855-6733,Kevin,,McManus,Kevin McManus,Replication Research Journal - Advisory Board
,David,,McSharry,David McSharry,FReD (FORRT Replication Database); Reversals & Replications
0000-0001-9135-6130,Kimberly,Lewis,Meidenbauer,Kimberly Meidenbauer,FReD (FORRT Replication Database); Reversals & Replications
0000-0002-1655-5479,Maria,,Meier,Maria Meier,FLoRA Zotero plugin; FReD (FORRT Replication Database); Reversals & Replications
0000-0001-5495-713X,Anna,,Meier,Anna Meier,Academic Wheel of Privilege; Educators' Corner
,Claire,R,Melia,Claire Melia,Glossary
,Alessio,,Merighi,Alessio Merighi,Pedagogies
0000-0002-1770-7585,Thomas,E.,Metherell,Thomas Metherell,Summaries
0000-0001-7115-956X,Molly,A.,Metz,Molly Metz,Academic Wheel of Privilege
0000-0003-0066-8222,Leticia,,Micheli,Leticia Micheli,"Adopting Principled Education; BMC Pedagogical Communities; Educators' Corner; FORRT; FORRT Germany Verein; FORRT's Clusters; FORRT's Manifesto; FReD (FORRT Replication Database); Getting Started with FORRT; Glossary; IOI Grant; Impact on students; NWO POST-EDU Grant; NWO TRACKREP Grant; OSCARS Grant Application; Open Educational Resources Chapter; Pedagogies; Promoting Open Science Teaching: A Positive, Inclusive and Participatory Program for Educators (POST-Edu); Replication Paper; Reversals & Replications; Summaries; Team Cohesion; Team Curations; Team Einstein 2023; Team Ethics; Team Ideas; Team Outreach; Team Pedagogies; Team Summaries"
,Leticia,,Micheli,Leticia Micheli,FORRT Self Assessment
0000-0001-5307-8029,Sara,L,Middleton,Sara Middleton,APS Observer; Academic Wheel of Privilege; Educators' Corner; FORRT Booklet; Glossary; Team Wheel of Privilege
,Sara,,Middleton,Sara Middleton,FORRT's Clusters
0000-0002-3933-6076,Nadica,,Miljković,Nadica Miljković,Glossary - Serbian Translation; Open Science in Developing Countries
0000-0003-2266-9736,Ryan,A,Millager,Ryan Millager,Glossary
,Thomas,,Miller,Thomas Miller,FReD (FORRT Replication Database)
,Jacob,,Miranda,Jacob Miranda,Summaries
0000-0003-2553-1273,Jacob,F,Miranda,Jacob Miranda,FORRT's Manifesto; Glossary; Pedagogies; Team Cohesion
0000-0002-8088-4007,Amanda,,Moehring,Amanda Moehring,Educators' Corner
,Belay,,Moges,Belay Moges,Team Website
,Claudia,,Mohr,Claudia Mohr,Replication Research Journal - External Member
0000-0003-3169-102X,Mohammed,Ali,Mohsen,Mohammed Mohsen,Glossary - Arabic Translation
0000-0002-7685-1034,Maria,,Montefinese,Maria Montefinese,Accessible Feedback in Academia; FReD (FORRT Replication Database); Glossary - Italian Translation; Reversals & Replications
,Don,A,Moore,Don Moore,Summaries
0000-0002-1957-1941,David,,Moreau,David Moreau,FORRT Lesson Plans; FReD (FORRT Replication Database); Glossary; Impact on students; Landscape; Open Science in Developing Countries; Reversals & Replications
,Victoria,,Moser,Victoria Moser,Replication Research Journal - Editorial Team
,Nadja,,Moser,Nadja Moser,FReD (FORRT Replication Database); Reversals & Replications
0000-0002-3520-2046,Ross,,Mounce,Ross Mounce,Glossary
0000-0002-6316-5502,Kellen,,Mrkva,Kellen Mrkva,FReD (FORRT Replication Database); Reversals & Replications
,Aritra,,Mukherjee,Aritra Mukherjee,Educators' Corner
0000-0001-8624-3828,Jennifer,,Murphy,Jennifer Murphy,Replication Paper
,Jenny,,Murphy,Jenny Murphy,FLoRA (FORRT Library of Replication Attempts)
0009-0003-7624-8424,Joshua,,Muthu,Joshua Muthu,FReD (FORRT Replication Database)
0000-0002-2363-4757,Annalisa,,Myer,Annalisa Myer,Educators' Corner; Team Einstein 2022
0009-0006-6029-8808,Miriam,,Müller,Miriam Müller,FLoRA Zotero plugin
,Miriam,,Müller,Miriam Müller,Replication Research Journal - Editorial Team
,Niyatee,,Narkar,Niyatee Narkar,FReD (FORRT Replication Database); Reversals & Replications
,Monika,,Nemcova,Monika Nemcova,FReD (FORRT Replication Database); Reversals & Replications
,William,,Ngiam,William Ngiam,Summaries
0000-0003-3567-3881,William,XQ,Ngiam,William Ngiam,Glossary
0000-0002-5400-1952,Lea,,Nobbe,Lea Nobbe,CERES Manuscript
0000-0002-0806-1081,Emily,,Nordmann,Emily Nordmann,FORRT's Manifesto
0000-0002-9957-4025,Emma,,Norris,Emma Norris,Glossary
0000-0001-6797-5476,Brian,,Nosek,Brian Nosek,Replication Research Journal - Advisory Board
0009-0009-9720-4141,Jiří,,Nádvorník,Jiří Nádvorník,FReD (FORRT Replication Database)
,Jiří,,Nádvorník,Jiří Nádvorník,Accessible Feedback in Academia
0009-0007-4939-0766,Rían,,O'Mahoney,Rían O'Mahoney,FReD (FORRT Replication Database)
,Rían,,O'Mahoney,Rían O'Mahoney,Reversals & Replications
0000-0002-4585-2149,Aoife,,O'Mahony,Aoife O'Mahony,Educators' Corner; FORRT's Manifesto; FReD (FORRT Replication Database); Glossary; Impact on students; Landscape; Replication Paper; Reversals & Replications; Team Summaries
,Aoife,,O'Mahony,Aoife O'Mahony,Summaries
,Yvonne,,Oberholzer,Yvonne Oberholzer,FReD (FORRT Replication Database); Reversals & Replications
0000-0003-0130-6602,Leal,,Oburoglu,Leal Oburoglu,Accessible Feedback in Academia
,Valeria,,Occelli,Valeria Occelli,Accessible Feedback in Academia
0000-0001-5882-3200,Sebastian,,Ocklenburg,Sebastian Ocklenburg,German teaching network grant
0009-0002-6502-2430,Tosan,,Okome,Tosan Okome,Accessible Feedback in Academia
,Catia,,Oliveira,Catia Oliveira,Summaries
0000-0003-3682-8363,Jørgen,Østmo-Sæter,Olsnes,Jørgen Olsnes,Replication Paper
,Seun,,Olufemi,Seun Olufemi,Team Website
,Caleb,,Onoja Akogwu,Caleb Onoja Akogwu,Summaries
,Danna,,Oomen,Danna Oomen,FReD (FORRT Replication Database)
0009-0003-5447-8034,Prince,,Oppong Boakye,Prince Oppong Boakye,Replication Research Journal - Editorial Team
0000-0002-2937-4183,Amy,,Orben,Amy Orben,CERES Manuscript
0009-0005-5333-2038,Maureen,,Osano,Maureen Osano,FReD (FORRT Replication Database)
0000-0001-9818-4642,Nikita,,Otstavnov,Nikita Otstavnov,FReD (FORRT Replication Database)
,Julian,,Packheiser,Julian Packheiser,FReD (FORRT Replication Database); Reversals & Replications
,Shubham,,Pandey,Shubham Pandey,Accessible Feedback in Academia
,Hugh,,Panton,Hugh Panton,FReD (FORRT Replication Database)
0000-0001-5566-9658,Frank,,Papenmeier,Frank Papenmeier,FReD (FORRT Replication Database)
0000-0002-1367-2282,Adam,J,Parker,Adam Parker,Glossary
0000-0002-7048-4093,Sam,,Parsons,Sam Parsons,Adopting Principled Education; BMC Pedagogical Communities; Educators' Corner; FORRT Lesson Plans; FORRT Self Assessment; FORRT's Clusters; FORRT's Curated Resources; FORRT's Manifesto; FReD (FORRT Replication Database); Getting Started with FORRT; Glossary; NWO TRACKREP Grant; Reversals & Replications; Team Clusters; Team Database; Team Ethics; Team Glossary | Phase 1; Team Manuscript/Manifesto; Team Website
,Sam,,Parsons,Sam Parsons,Summaries
,Mariola,,Paruzel-Czachura,Mariola Paruzel-Czachura,FReD (FORRT Replication Database)
0000-0002-5535-7141,Mariella,,Paul,Mariella Paul,Glossary; Landscape
0000-0002-3896-5145,Yuri,G.,Pavlov,Yuri Pavlov,FReD (FORRT Replication Database)
0000-0002-9231-5100,Zoran,,Pavlović,Zoran Pavlović,FReD (FORRT Replication Database); Glossary - Serbian Translation; Reversals & Replications
0000-0001-7089-6103,Amy,,Pearson,Amy Pearson,Academic Wheel of Privilege
0000-0002-6196-4191,Pasquale,,Pellegrini,Pasquale Pellegrini,FLoRA - Notify preprint alerts
0000-0002-5259-642X,Charlotte,R,Pennington,Charlotte Pennington,BMC Pedagogical Communities; Educators' Corner; FORRT Lesson Plans; FORRT's Manifesto; FReD (FORRT Replication Database); Glossary; Guide to Carrying out Replication Studies; Impact on students; International Initiatives to Enhance Awareness and Uptake of Open Research in Psychology; Landscape; Mapping Open Science Communities; Replication Paper; Reversals & Replications; Team Mapping Open Science Organizations; Team Replication Crisis Paper
0000-0002-1305-0547,Nikolay,,Petrov,Nikolay Petrov,FReD (FORRT Replication Database)
0000-0002-4924-9857,Jenny,Mai,Phan,Jenny Phan,APS Observer; Academic Wheel of Privilege; Autism & Open Science; Participatory Research Primer (BPS)
0000-0002-7242-9207,Jade,S,Pickering,Jade Pickering,Glossary
0000-0002-7487-7898,Merle-Marie,,Pittelkow,Merle-Marie Pittelkow,FReD (FORRT Replication Database); Guide to Carrying out Replication Studies; Impact on students; Reversals & Replications
0000-0002-9395-0894,Irene Sophia,Sophia,Plank,Irene Sophia Plank,FLoRA - Notify preprint alerts; Summaries
0000-0003-3625-1357,Esther,,Plomp,Esther Plomp,Academic Wheel of Privilege
,Willem,,Plomp,Willem Plomp,FReD (FORRT Replication Database); Reversals & Replications
,Esther,,Plomp,Esther Plomp,Summaries
0000-0002-6748-6020,Paul,E,Plonski,Paul Plonski,FReD (FORRT Replication Database); Reversals & Replications
,Christina,,Pomareda,Christina Pomareda,Glossary
0000-0001-6614-0338,Simon,,Porcher,Simon Porcher,Accessible Feedback in Academia
0000-0002-3734-8006,Madeleine,,Pownall,Madeleine Pownall,"BMC Pedagogical Communities; CERES Manuscript; FORRT Lesson Plans; FORRT's Manifesto; Glossary; Impact on students; NWO POST-EDU Grant; Promoting Open Science Teaching: A Positive, Inclusive and Participatory Program for Educators (POST-Edu); Replication Paper; Team Einstein 2022; Team Impact on Students; Team Lesson Plans  | Phase 1"
,Madeleine,,Pownall,Madeleine Pownall,FORRT's Clusters; OSCARS Grant Application; Summaries
0000-0002-2553-2359,Aleksandr,,Pravednikov,Aleksandr Pravednikov,FReD (FORRT Replication Database)
0000-0002-6213-3496,Sara,,Priem,Sara Priem,Accessible Feedback in Academia
0000-0003-1446-196X,Ekaterina,,Pronizius,Ekaterina Pronizius,FReD (FORRT Replication Database); Reversals & Replications
0000-0002-2225-5245,Andrew,,Pua,Andrew Pua,FReD (FORRT Replication Database); Reversals & Replications; Team Outreach
0000-0001-5126-3781,Danka,,Purić,Danka Purić,Glossary - Serbian Translation; Open Science in Developing Countries
0000-0002-3024-3535,Katarzyna,,Pypno-Blajda,Katarzyna Pypno-Blajda,FReD (FORRT Replication Database)
0000-0002-0751-0172,Kimberly,,Quinn,Kimberly Quinn,Academic Wheel of Privilege; FORRT's Manifesto; Getting Started with FORRT
,Kimberly,,Quinn,Kimberly Quinn,Team Ethics
0000-0002-1147-4135,Riva,,Quiroga,Riva Quiroga,Team Credit; Team Website
0000-0002-1404-0471,Rima-Maria,,Rahal,Rima-Maria Rahal,German teaching network grant; Replication Research Journal - Advisory Board
0000-0001-5218-8015,Thipparapu,,Rajesh,Thipparapu Rajesh,Open Science in Developing Countries
0009-0008-8317-073X,Anusha,Vaithianathan,Ramji,Anusha Ramji,Autism & Open Science; Participatory Research Primer (BPS)
0000-0002-5805-5544,Manuel,,Rausch,Manuel Rausch,FReD (FORRT Replication Database)
0000-0002-2051-985X,Husnain,,Raza,Husnain Raza,FReD (FORRT Replication Database)
,Robert,,Reason,Robert Reason,FReD (FORRT Replication Database); Reversals & Replications
,Tobias,R.,Rebholz,Tobias Rebholz,FReD (FORRT Replication Database)
,Alice,,Rees,Alice Rees,Summaries
0000-0002-6079-9323,Graham,,Reid,Graham Reid,Glossary; Summaries
,Rachel,,Renbarger,Rachel Renbarger,FORRT's Clusters
0000-0001-8754-5510,Rachel,,Renbarger,Rachel Renbarger,Educators' Corner
0009-0006-2864-4424,Hakile,,Resulbegoviq,Hakile Resulbegoviq,FReD (FORRT Replication Database); Open Educational Resources Chapter; Team Opportunities
0000-0003-0919-4879,Elena,,Richert,Elena Richert,FORRT Robustness Lighthouse; FReD (FORRT Replication Database); Reversals & Replications
0000-0003-4078-3954,Maike,,Richter,Maike Richter,Replication Research Journal - External Member
0000-0001-5990-0087,Helene,,Richter,Helene Richter,Replication Research Journal - External Member
0000-0003-4131-7891,Lydia,,Riedl,Lydia Riedl,FORRT's Manifesto; Impact on students
0000-0002-5330-7634,Eike,M,Rinke,Eike Rinke,FORRT's Manifesto; Glossary
,Sonia,,Rishi,Sonia Rishi,Glossary
,Anamara,,Ritt-Olson,Anamara Ritt-Olson,CERES Manuscript
,Olly,,Robertson,Olly Robertson,Impact on students
0000-0002-7333-0903,Olly,M,Robertson,Olly Robertson,FORRT Lesson Plans; FORRT's Manifesto; Glossary; Replication Paper
0000-0002-3326-864X,Dominique,G,Roche,Dominique Roche,Glossary
0000-0003-1400-2739,Timo,B.,Roettger,Timo Roettger,Educators' Corner; Glossary; Piece for the Educator’s corner
0000-0001-8711-1675,Robert,M.,Ross,Robert Ross,FReD (FORRT Replication Database); Glossary; Impact on students; Neurodiversity Annotated Reading List; Reversals & Replications
0000-0002-1005-7452,Laura,,Rosseel,Laura Rosseel,International Coordination Action Research Foundation - Flanders grant
,Milena,Veronica,Rota,Milena Rota,Glossary - Italian Translation
,Simone,,Russo,Simone Russo,FReD (FORRT Replication Database); Reversals & Replications
,Colleen,,Russo Johnson,Colleen Russo Johnson,CERES Manuscript
0000-0002-1651-9777,Nicolas,,Ruytenbeek,Nicolas Ruytenbeek,International Coordination Action Research Foundation - Flanders grant
0000-0001-7774-3433,Jan,Philipp,Röer,Jan Röer,Autism & Open Science; FORRT's Manifesto; FReD (FORRT Replication Database); Impact on students; Replication Paper; Reversals & Replications
,Jan,P.,Röer,Jan Röer,Summaries
0000-0002-6446-1901,Lukas,,Röseler,Lukas Röseler,Adopting Principled Education; FLoRA (FORRT Library of Replication Attempts); FLoRA - Notify preprint alerts; FLoRA Zotero plugin; FORRT Booklet; FORRT Germany Verein; FORRT Robustness Lighthouse; FORRT's Clusters; FReD (FORRT Replication Database); FReD R package; Guide to Carrying out Replication Studies; Replication Research Journal - Editorial Team; Reversals & Replications; Team Curations; Team Einstein 2023; Team Einstein 2025; Team Replication Hub
,Lukas,,Röseler,Lukas Röseler,German teaching network grant
0009-0007-7544-393X,Jessica,,Röseler,Jessica Röseler,FReD (FORRT Replication Database)
0000-0001-7055-0567,Marianne,,Saam,Marianne Saam,Replication Research Journal - Advisory Board; Replication Research Journal - External Member
0000-0002-7714-4841,Shanu,,Sadhwani,Shanu Sadhwani,Impact on students
0000-0002-4052-3469,Alaa,M.,Saleh,Alaa Saleh,Glossary - Arabic Translation
0000-0002-5585-9539,Julia Fabienne,,Sandkühler,Julia Fabienne Sandkühler,FReD (FORRT Replication Database)
0000-0002-7876-0101,Alejandro,,Sandoval-Lentisco,Alejandro Sandoval-Lentisco,FReD (FORRT Replication Database)
,Ben,,Saunders,Ben Saunders,Summaries
,Sarah,A,Sauve,Sarah Sauve,FORRT's Clusters; UNESCO/UN Application
0000-0003-1194-0113,Sarah,Ann,Sauve,Sarah Sauve,Academic Wheel of Privilege; Accessible Feedback in Academia; FORRT Booklet; Landscape; Team Citation Politics
,Elisabeth,,Sawatzky,Elisabeth Sawatzky,Replication Research Journal - External Member
,Nabil,Ali,Sayed,Nabil Sayed,Glossary - Arabic Translation
0009-0006-3115-1399,Mirijam,,Schaaf,Mirijam Schaaf,CERES Manuscript
0000-0003-4503-3853,Guido,,Scherp,Guido Scherp,Replication Research Journal - Advisory Board
0000-0002-9946-5953,Kathleen,,Schmidt,Kathleen Schmidt,FORRT's Manifesto; FReD (FORRT Replication Database); Impact on students; Replication Paper; Reversals & Replications
0000-0001-8036-5859,Birgit,,Schmidt,Birgit Schmidt,Glossary
0000-0002-3772-4198,Jürgen,,Schneider,Jürgen Schneider,Landscape
0000-0001-7781-5310,Melissa,,Schuring,Melissa Schuring,International Coordination Action Research Foundation - Flanders grant
0000-0002-0129-0340,Nina,R.,Schwarzbach,Nina Schwarzbach,FORRT's Curated Resources; JUST-OS; Team JUST-OS
0000-0002-4557-2753,Christof,,Schöch,Christof Schöch,Replication Research Journal - Advisory Board
0000-0002-8282-3910,Felix,,Schönbrodt,Felix Schönbrodt,Replication Research Journal - External Member
,Sophie,,Schüller,Sophie Schüller,FLoRA (FORRT Library of Replication Attempts)
0009-0002-7471-5116,Sophie,Marie,Schüller,Sophie Schüller,FReD (FORRT Replication Database)
,Astrid,,Schütz,Astrid Schütz,FReD (FORRT Replication Database)
0000-0001-5071-0180,Leonardo,,Seda,Leonardo Seda,Open Science in Developing Countries
0000-0002-8960-9642,Heidi,,Seibold,Heidi Seibold,Replication Research Journal - Advisory Board
,Christian,,Seida,Christian Seida,FReD (FORRT Replication Database)
,Nuño,,Sempere,Nuño Sempere,FReD (FORRT Replication Database); Reversals & Replications
,Owen,N,Shahim,Owen Shahim,Glossary
0000-0002-4064-0091,Sabrina,,Shajeen Alam,Sabrina Shajeen Alam,CERES Manuscript
0000-0002-2501-2492,Moustafa,Mohammed,Shalaby,Moustafa Shalaby,Glossary - Arabic Translation
,John,,Shaw,John Shaw,FORRT's Clusters
0000-0003-3190-6772,John,J,Shaw,John Shaw,APS Observer; Adopting Principled Education; Autism & Open Science; Educators' Corner; FORRT; FORRT Booklet; FORRT Lesson Plans; Getting Started with FORRT; Impact on students; Neurodivergent Authors Database; OSCARS Grant Application; Participatory Research Primer (BPS); Replication Paper; Team Cohesion; Team Curations; Team Einstein 2025; Team Ideas; Team Neurodiversity
0000-0001-6038-6142,Yuichi,,Shoda,Yuichi Shoda,Equity in Open Scholarship
0000-0003-0095-339X,Priya,,Silverstein,Priya Silverstein,Academic Wheel of Privilege; Educators' Corner; FORRT's Manifesto; Open Educational Resources Chapter; Open Research Book; Replication Research Journal - Advisory Board; Replication Research Journal - External Member
,Pryia,,Silverstein,Pryia Silverstein,Guide to Carrying out Replication Studies
,Priya,,Silverstein,Priya Silverstein,FORRT's Clusters
0000-0001-6526-4208,Vojin,M.,Simunović,Vojin Simunović,Glossary - Serbian Translation
,Leher,,Singh,Leher Singh,Open Science in Developing Countries
,Barbara,,Sinicic,Barbara Sinicic,Adopting Principled Education
0009-0001-9295-2089,Kudakwashe,,Siziva,Kudakwashe Siziva,FReD (FORRT Replication Database)
0000-0002-0301-1368,Magda,,Skubera,Magda Skubera,Accessible Feedback in Academia; Adopting Principled Education; Educators' Corner; International Initiatives to Enhance Awareness and Uptake of Open Research in Psychology; Landscape; Mapping Open Science Communities; Team Curations; Team Feedback; Team Mapping Open Science Organizations
,Aleksandrina,,Skvortsova,Aleksandrina Skvortsova,Summaries
0000-0003-0512-0792,Aleksandrina,,Skvortsova,Aleksandrina Skvortsova,FReD (FORRT Replication Database); Reversals & Replications; Team Summaries
0000-0003-2522-8717,Hannah,R.,Slack,Hannah Slack,Impact on students
0000-0001-5059-6576,Martina,,Sladekova,Martina Sladekova,Impact on students
,Sofie,,Smal,Sofie Smal,FORRT Booklet
0000-0003-4511-9008,Iris,,Smal,Iris Smal,FORRT Booklet; Team Games for Open Science
,Roksana,,Sobolak,Roksana Sobolak,Team Feedback
0009-0001-9534-6439,Roksana,,Sobolak,Roksana Sobolak,Accessible Feedback in Academia; Adopting Principled Education; Educators' Corner; FReD (FORRT Replication Database); Team Curations
,Christian,N.,Sodano,Christian Sodano,Summaries
0000-0002-9866-0239,Jeroen,,Sondervan,Jeroen Sondervan,Replication Research Journal - Advisory Board
0000-0002-5011-0780,Matthias,F. J.,Sperl,Matthias Sperl,FReD (FORRT Replication Database); Reversals & Replications
,Manuel,,Spitschan,Manuel Spitschan,German teaching network grant
0000-0002-4925-7291,Lisa,,Spitzer,Lisa Spitzer,Glossary; Landscape
0000-0001-9712-9123,Federica,,Stablum,Federica Stablum,OSCARS Grant Application
,Frederica,,Stabulm,Frederica Stabulm,Adopting Principled Education
,Vanessa,,Stan-Ugbene,Vanessa Stan-Ugbene,Team Outreach
0009-0001-7707-1486,Fernando,,Steeb,Fernando Steeb,Summaries; Team Summaries
0000-0001-5049-9354,Crystal,Nicole,Steltenpohl,Crystal Steltenpohl,Academic Wheel of Privilege; Adopting Principled Education; FORRT Self Assessment; FORRT's Curated Resources; FORRT's Manifesto; Replication Research Journal - Advisory Board
,Crystal,N,Steltenpohl,Crystal Steltenpohl,FORRT's Clusters
0000-0003-2375-1360,Jeffrey,R.,Stevens,Jeffrey Stevens,FReD (FORRT Replication Database); Reversals & Replications
0000-0003-2152-0091,Suzanne,L. K.,Stewart,Suzanne Stewart,FORRT's Manifesto; Glossary; Impact on students; Landscape
0000-0002-9795-4104,Andrew,J.,Stewart,Andrew Stewart,FORRT's Manifesto; Glossary
0000-0002-3238-4331,Maria,,Stogianni,Maria Stogianni,FReD (FORRT Replication Database)
0000-0001-5950-0139,Julia,,Strand,Julia Strand,FORRT's Manifesto
0000-0002-0978-9496,Justin,,Sulik,Justin Sulik,Academic Wheel of Privilege; FORRT Germany Verein
0000-0002-8709-6417,Aswathi,,Surendran,Aswathi Surendran,Accessible Feedback in Academia
0000-0003-4759-3555,Moin,,Syed,Moin Syed,Academic Wheel of Privilege; Replication Research Journal - Advisory Board; Replication Research Journal - External Member
,Barnabas,,Szaszi,Barnabas Szaszi,Glossary
0000-0002-8854-2546,Raul,,Szekely,Raul Szekely,FReD (FORRT Replication Database)
,Catherine,,Talbot,Catherine Talbot,FORRT Lesson Plans
0000-0001-5551-7507,Alvin,W. M.,Tan,Alvin Tan,FReD (FORRT Replication Database); Reversals & Replications
0000-0002-6843-7116,Jenny,,Terry,Jenny Terry,Glossary; Impact on students
0000-0002-1664-6186,Momchil,,Terziev,Momchil Terziev,Glossary - Bulgarian Translation
0000-0001-8173-5911,Ayanna,K,Thomas,Ayanna Thomas,Equity in Open Scholarship
0000-0002-4783-792X,Isaac,T,Thornton,Isaac Thornton,Landscape
0000-0002-5315-2847,J. Lukas,,Thürmer,J. Lukas Thürmer,FReD (FORRT Replication Database)
0000-0002-1826-2274,Joeri,K.,Tijdink,Joeri Tijdink,FORRT's Clusters
,Marina,,Tiulpakova,Marina Tiulpakova,FReD (FORRT Replication Database); Reversals & Replications
0009-0006-1346-6741,Marina,,Tiulpakova,Marina Tiulpakova,Accessible Feedback in Academia
0000-0003-2697-9635,Ana,,Todorovic,Ana Todorovic,Glossary
,Johanna,,Tomczak,Johanna Tomczak,FReD (FORRT Replication Database); Reversals & Replications
0009-0004-9131-8053,Rohan,,Tondlekar,Rohan Tondlekar,FLoRA Zotero plugin
,Natasha,,Tonge,Natasha Tonge,FORRT Lesson Plans
0000-0003-3761-392X,Marta,K,Topor,Marta Topor,Glossary
0000-0001-8420-1245,Dilhan,,Toredi,Dilhan Toredi,Accessible Feedback in Academia
0000-0002-2518-6759,Aleksandra,,Tołopiło,Aleksandra Tołopiło,FReD (FORRT Replication Database); Reversals & Replications
0000-0001-9001-4323,Isis,,Trajano,Isis Trajano,FLoRA Zotero plugin
0009-0007-9232-9450,Vladislava,,Trashlieva,Vladislava Trashlieva,Educators' Corner; Glossary - Bulgarian Translation; Piece for the Educator’s corner
,Burak,,Tunca,Burak Tunca,FReD (FORRT Replication Database); Reversals & Replications
0000-0001-9602-5015,Samantha,L,Tyler,Samantha Tyler,Educators' Corner; Impact on students
0000-0002-1463-9396,Loukia,,Tzavella,Loukia Tzavella,FORRT Lesson Plans
,Jens,,Unkenholz,Jens Unkenholz,Replication Research Journal - External Member
0000-0001-5063-4747,Karolina,,Urbanska,Karolina Urbanska,Educators' Corner
0000-0003-4915-1785,Heather,,Urry,Heather Urry,Educators' Corner
0000-0003-3223-4816,David,,Urschler,David Urschler,German teaching network grant
0000-0002-8698-9213,Mete Sefa,,Uysal,Mete Sefa Uysal,Educators' Corner
,Samaneh,,V.M Masuleh,Samaneh V.M Masuleh,Accessible Feedback in Academia
0000-0002-5727-8359,Bita,,Vahdani,Bita Vahdani,Open Science in Developing Countries
0000-0002-7382-6079,Beatrice,,Valentini,Beatrice Valentini,Glossary
0000-0003-4443-7100,Bruna,,Valério Gomes,Bruna Valério Gomes,Glossary - Portuguese Translation
0000-0001-7697-4512,Karina,,van Dalen-Oskam,Karina van Dalen-Oskam,Replication Research Journal - Editorial Team
0000-0002-0712-3746,Olmo,R,van den Akker,Olmo van den Akker,Glossary
,Michiel,,van der Ree,Michiel van der Ree,FORRT's Curated Resources; JUST-OS
0000-0003-0476-772X,Jojanneke,,van der Toorn,Jojanneke van der Toorn,Academic Wheel of Privilege
0009-0000-1007-6517,Madelief,,van der Velden,Madelief van der Velden,FORRT's Curated Resources; JUST-OS
,Annette,,van Randenborgh,Annette van Randenborgh,Guide to Carrying out Replication Studies
0000-0002-5030-4091,Don,,van Ravenzwaaij,Don van Ravenzwaaij,Guide to Carrying out Replication Studies
0000-0001-8429-7697,Micah,L,Vandegrift,Micah Vandegrift,Glossary
0000-0002-7805-184X,Norbert,,Vanek,Norbert Vanek,Accessible Feedback in Academia; Glossary
,Vanessa,,Vanessa Stan-Ugbene,Vanessa Vanessa Stan-Ugbene,Team Credit
0000-0002-5855-3885,Wolf,,Vanpaemel,Wolf Vanpaemel,FReD (FORRT Replication Database); International Coordination Action Research Foundation - Flanders grant; Reversals & Replications
0000-0003-0737-9802,Tugce,,Varol,Tugce Varol,Accessible Feedback in Academia; Landscape; Team Outreach
0000-0003-1944-8828,Martin,R,Vasilev,Martin Vasilev,Adopting Principled Education; FORRT Lesson Plans; FORRT's Manifesto; Getting Started with FORRT; Glossary; Impact on students
,Martin,,Vasilev,Martin Vasilev,FORRT Self Assessment; Summaries
,Panos,,Vasilikos,Panos Vasilikos,FORRT's Clusters
0009-0005-6609-5924,Panos,,Vasilikos,Panos Vasilikos,Adopting Principled Education; Team Credit; Team Curations
0000-0002-2399-7400,Leigh Ann,,Vaughn,Leigh Ann Vaughn,FReD (FORRT Replication Database); Reversals & Replications
,Keegan,George,Vaz,Keegan Vaz,FLoRA - Notify preprint alerts
0000-0002-2076-5348,Myrthe,,Vel Tromp,Myrthe Vel Tromp,FORRT Lesson Plans; Impact on students
0000-0002-6778-6744,Steven,,Verheyen,Steven Verheyen,Accessible Feedback in Academia; FORRT's Manifesto; FORRTifying Open Science in The Netherlands: Grant; FReD (FORRT Replication Database); Glossary; Impact on students; International Coordination Action Research Foundation - Flanders grant; Replication Research Journal - Editorial Team; Reversals & Replications; Team Credit
,Steven,,Verheyen,Steven Verheyen,Summaries
,Felipe,,Vieira,Felipe Vieira,Summaries
0000-0002-2516-9975,Felipe,,Vilanova,Felipe Vilanova,Open Science in Developing Countries
,Gerald,H.,Vineyard,Gerald Vineyard,FReD (FORRT Replication Database); Glossary; Reversals & Replications
0000-0003-3855-2778,Ingmar,,Visser,Ingmar Visser,Replication Research Journal - Editorial Team
0000-0001-9717-5568,Susanne,,Vogel,Susanne Vogel,Accessible Feedback in Academia; Glossary - German Translation
0000-0001-5616-2680,Obrad,,Vučkovac,Obrad Vučkovac,Open Science in Developing Countries
0000-0002-5105-2084,Jordan,R.,Wagge,Jordan Wagge,Academic Wheel of Privilege; FORRT Self Assessment; FORRT's Manifesto; Team Ambassador; Team Curations
0000-0002-9369-6953,Daniel,,Walker,Daniel Walker,Impact on students
0000-0003-2121-5177,Lukas,,Wallrich,Lukas Wallrich,FLoRA (FORRT Library of Replication Attempts); FLoRA - Notify preprint alerts; FLoRA Zotero plugin; FORRT; FORRT Germany Verein; FORRT Robustness Lighthouse; FReD (FORRT Replication Database); FReD R package; German teaching network grant; Getting Started with FORRT; Guide to Carrying out Replication Studies; NWO TRACKREP Grant; OSCARS Grant Application; Replication Research Journal - Editorial Team; Reversals & Replications; Team Credit; Team Curations; Team Einstein 2023; Team Einstein 2025; Team Ideas; Team Replication Hub; Team Website
0000-0002-6043-7349,Max,F,Wan,Max Wan,FORRT's Clusters; Open Research Book; Team Website
0000-0003-0916-2308,Zixi,,Wang,Zixi Wang,Glossary - Chinese Translation
0000-0002-3444-000X,Yin,,Wang,Yin Wang,Open Science in Developing Countries
0009-0004-4974-9191,Xinyu,,Wang,Xinyu Wang,Glossary - Chinese Translation
0000-0003-3206-8002,Kayleigh,L,Warrington,Kayleigh Warrington,Autism & Open Science; Participatory Research Primer (BPS); Team Neurodiversity
,Lucia,,Weber,Lucia Weber,FReD (FORRT Replication Database)
,Arnon,,Weinberg,Arnon Weinberg,FReD (FORRT Replication Database); Reversals & Replications
0000-0001-9911-526X,Josefina,,Weinerova,Josefina Weinerova,FLoRA - Notify preprint alerts; FLoRA Zotero plugin; Mapping Open Science Communities
0000-0002-8342-2756,Markus,,Weinmann,Markus Weinmann,Glossary
,Josefina,,Weinorova,Josefina Weinorova,Team Mapping Open Science Organizations
0000-0002-4219-6625,Yanna,J,Weisberg,Yanna Weisberg,FORRT's Manifesto
,Yanna,,Weisberg,Yanna Weisberg,Impact on students; Summaries; Team Cohesion
,Xiujuan,,Wen,Xiujuan Wen,Glossary - Chinese Translation
0000-0002-0107-6651,Samuel,J,Westwood,Samuel Westwood,BMC Pedagogical Communities; FORRT's Manifesto; Impact on students
0000-0003-0637-7151,Emily,A,Williams,Emily Williams,Glossary
0000-0003-3844-3117,Brendan,,Williams,Brendan Williams,Landscape
0000-0002-8100-7508,Emma,,Wilson,Emma Wilson,Landscape; Neurodivergent Authors Database
0000-0001-8734-9026,Sophia,,Wingen,Sophia Wingen,FReD (FORRT Replication Database)
0000-0002-1559-859X,Tobias,,Wingen,Tobias Wingen,FORRT's Manifesto; Glossary; Impact on students; Replication Paper
0000-0001-8675-4388,Julia,K,Wolska,Julia Wolska,Accessible Feedback in Academia; FReD (FORRT Replication Database); Glossary; Impact on students; Landscape; Pedagogies; Reversals & Replications; Team Outreach
0000-0002-8337-5822,Amanda,Mae,Woodward,Amanda Woodward,Pedagogies; Summaries
,Amanda,M,Woodward,Amanda Woodward,Team Summaries
,Eliza,A,Woodward,Eliza Woodward,Glossary
0000-0002-9824-9247,Qinyu,,Xiao,Qinyu Xiao,Glossary
0000-0001-9911-5518,Zhiqi,,Xu,Zhiqi Xu,Open Science in Developing Countries; Team Open Science in Developing Countries
0009-0001-2274-7506,Yu,,Xu,Yu Xu,Glossary - Chinese Translation
,Sujeet,,Yadav,Sujeet Yadav,Accessible Feedback in Academia
0000-0003-1431-568X,Yuki,,Yamada,Yuki Yamada,FORRT's Manifesto; Glossary; Replication Paper
0000-0001-9337-0243,Jinbiao,,Yang,Jinbiao Yang,Glossary - Chinese Translation
0000-0001-9089-6020,Yu-Fang,,Yang,Yu-Fang Yang,Glossary; Team Summaries
,Yu-Fang,,Yang,Yu-Fang Yang,Summaries
0000-0003-2705-1724,Yo,,Yehudi,Yo Yehudi,Accessible Feedback in Academia
0000-0002-5835-0981,Siu Kit,,Yeung,Siu Kit Yeung,Autism & Open Science; Educators' Corner; FORRT's Manifesto; FReD (FORRT Replication Database); Glossary; Impact on students; Neurodiversity Annotated Reading List; Participatory Research Primer (BPS); Replication Paper; Reversals & Replications
0009-0006-3739-7795,Mariem,,Younssi,Mariem Younssi,FReD (FORRT Replication Database)
0000-0002-2054-4748,Shijun,,Yu,Shijun Yu,Replication Paper
,Rashid,A,Zafir,Rashid Zafir,Replication Paper
0000-0003-3569-931X,Mirela,,Zaneva,Mirela Zaneva,Accessible Feedback in Academia; Autism & Open Science; FReD (FORRT Replication Database); Glossary; Impact on students; Landscape; Neurodiversity Annotated Reading List; Open Science in Developing Countries; Participatory Research Primer (BPS); Reversals & Replications; Summaries
0000-0001-5784-2733,David,,Zimmermann,David Zimmermann,FReD (FORRT Replication Database); Reversals & Replications
0000-0003-2266-4855,Alyssa,Hillary,Zisk,Alyssa Zisk,Neurodiversity Annotated Reading List
0009-0007-0456-5112,Md. Burhan,Uddin,Zubair,Md. Burhan Zubair,Glossary - Bengali Translation
,Raul,,Zurita-Milla,Raul Zurita-Milla,Summaries
0000-0002-4617-4191,Hakan,,Çakmak,Hakan Çakmak,Academic Wheel of Privilege
0000-0002-4273-9394,Asil,Ali,Özdoğru,Asil Özdoğru,Open Science in Developing Countries
0000-0002-9527-1406,Iris,,Žeželj,Iris Žeželj,Glossary - Serbian Translation; Open Science in Developing Countries
